architecture,seed,metric,contrast
feedforward,0,gain,0.010909317374658167
feedforward,0,broadcast,0.027203589896547642
feedforward,0,persistence,-0.044066154745175945
feedforward,0,concentration,-0.004255783254784595
feedforward,1,gain,0.02109187441735716
feedforward,1,broadcast,0.03728240186982687
feedforward,1,persistence,-0.01338246631138773
feedforward,1,concentration,0.003969269005404619
feedforward,3,gain,0.013574541189826261
feedforward,3,broadcast,0.025580320645139945
feedforward,3,persistence,-0.02046532496733433
feedforward,3,concentration,-0.0020163632172621737
feedforward,4,gain,0.01603686585944153
feedforward,4,broadcast,0.02453229608476165
feedforward,4,persistence,-0.05197933483283124
feedforward,4,concentration,0.0094814610942075
feedforward,6,gain,0.012283162263529435
feedforward,6,broadcast,0.03369915809895366
feedforward,6,persistence,-0.019884028071648574
feedforward,6,concentration,0.003342271785994
feedforward,7,gain,0.021363322637548032
feedforward,7,broadcast,0.04832050704245583
feedforward,7,persistence,-0.0443736505837522
feedforward,7,concentration,0.0030890099780699343
feedforward,8,gain,0.012500605719704239
feedforward,8,broadcast,0.03474857182721382
feedforward,8,persistence,-0.012579538065256912
feedforward,8,concentration,0.00023680545503212969
feedforward,10,gain,0.014746995856494305
feedforward,10,broadcast,0.06414996605446202
feedforward,10,persistence,-0.025303084080413374
feedforward,10,concentration,-0.012996978909686097
feedforward,12,gain,0.012287053619428279
feedforward,12,broadcast,0.03601905851807137
feedforward,12,persistence,-0.022415632229272564
feedforward,12,concentration,-0.006921716154855373
feedforward,13,gain,0.02155958809209646
feedforward,13,broadcast,0.03691628293760508
feedforward,13,persistence,-0.04228702282412189
feedforward,13,concentration,0.004296576532359764
feedforward,14,gain,0.019124403833399195
feedforward,14,broadcast,0.025832183838433997
feedforward,14,persistence,-0.08174831683111794
feedforward,14,concentration,0.008045262872248382
feedforward,15,gain,0.015602405347171833
feedforward,15,broadcast,0.05175803851286387
feedforward,15,persistence,-0.0363986204965725
feedforward,15,concentration,-0.006232961435813311
feedforward,17,gain,0.015016626145606837
feedforward,17,broadcast,0.02838646384342125
feedforward,17,persistence,-0.1120947804928123
feedforward,17,concentration,9.8015114398331e-05
feedforward,18,gain,0.03976282421870225
feedforward,18,broadcast,0.011342708032794496
feedforward,18,persistence,-0.04624947840163052
feedforward,18,concentration,0.027142531617969534
feedforward,19,gain,0.013480476399728714
feedforward,19,broadcast,0.02300623035567097
feedforward,19,persistence,-0.00854779914440229
feedforward,19,concentration,0.004169082610801844
private_modules,0,gain,0.00768469371857361
private_modules,0,broadcast,0.045186006549679344
private_modules,0,persistence,-0.045299039886278036
private_modules,0,concentration,-0.007609411438611269
private_modules,1,gain,0.016430255964554163
private_modules,1,broadcast,-0.00851534190603765
private_modules,1,persistence,-0.005785083245908318
private_modules,1,concentration,0.011998685679535326
private_modules,2,gain,0.01744174217468597
private_modules,2,broadcast,-0.009598017989079277
private_modules,2,persistence,-0.01975895294628094
private_modules,2,concentration,0.019490977476448568
private_modules,3,gain,0.008240404534330503
private_modules,3,broadcast,0.008106289139317602
private_modules,3,persistence,-0.026983659535032567
private_modules,3,concentration,0.0034515737760749676
private_modules,5,gain,0.009693229946168835
private_modules,5,broadcast,0.034505112049440484
private_modules,5,persistence,-0.04988486639073053
private_modules,5,concentration,-0.00842447547776215
private_modules,6,gain,0.00966231600902323
private_modules,6,broadcast,-0.012610942801892622
private_modules,6,persistence,-0.04014345050771695
private_modules,6,concentration,0.0017182442448460122
private_modules,7,gain,0.015234099196422157
private_modules,7,broadcast,0.011551325330917461
private_modules,7,persistence,-0.07314786225560277
private_modules,7,concentration,-0.009172350088587633
private_modules,8,gain,0.009857214699909966
private_modules,8,broadcast,0.000471172218962701
private_modules,8,persistence,-0.03717629635201103
private_modules,8,concentration,0.005687661282428924
private_modules,9,gain,0.008740922765340664
private_modules,9,broadcast,0.0039031897646906732
private_modules,9,persistence,0.008080587744892065
private_modules,9,concentration,0.0024261726673041606
private_modules,10,gain,0.01058440574955788
private_modules,10,broadcast,-0.002375936432108483
private_modules,10,persistence,-0.03457773192327507
private_modules,10,concentration,0.0019940905810648113
private_modules,11,gain,0.009407904017322721
private_modules,11,broadcast,0.010511238884838514
private_modules,11,persistence,-0.10060529879298552
private_modules,11,concentration,0.0009448859180626323
private_modules,12,gain,0.011242243470901636
private_modules,12,broadcast,-0.003104591299171844
private_modules,12,persistence,-0.09225179544344786
private_modules,12,concentration,-9.407536824057594e-05
private_modules,14,gain,0.007728565406421528
private_modules,14,broadcast,0.024097400389254675
private_modules,14,persistence,0.18766010324424576
private_modules,14,concentration,-0.00388343119854484
private_modules,15,gain,0.019874284671713593
private_modules,15,broadcast,-0.025199902740348085
private_modules,15,persistence,-0.06192451440943336
private_modules,15,concentration,0.028020662946157238
private_modules,16,gain,0.01572832999104601
private_modules,16,broadcast,-0.017528278332902603
private_modules,16,persistence,-0.09454998284994098
private_modules,16,concentration,-0.0011910558728441822
private_modules,17,gain,0.011019701881500477
private_modules,17,broadcast,0.024166113487126953
private_modules,17,persistence,-0.06066698565723172
private_modules,17,concentration,-0.003115372449241649
private_modules,18,gain,0.017335440837057847
private_modules,18,broadcast,0.004503542969141752
private_modules,18,persistence,-0.11498797870455335
private_modules,18,concentration,0.018283173965146005
recurrent,0,gain,0.015563155517567151
recurrent,0,broadcast,-0.008074366790582752
recurrent,0,persistence,-0.13472713789010426
recurrent,0,concentration,0.014805285197837192
recurrent,1,gain,0.004958380678823038
recurrent,1,broadcast,-0.00626897852359784
recurrent,1,persistence,0.08389652454231591
recurrent,1,concentration,-0.005956097846734787
recurrent,2,gain,0.0015113737338394717
recurrent,2,broadcast,0.0005082643265686172
recurrent,2,persistence,0.014115585954710075
recurrent,2,concentration,-0.00028064874438160636
recurrent,3,gain,0.0011515879153117803
recurrent,3,broadcast,-0.005591933471612243
recurrent,3,persistence,-0.15260231449527795
recurrent,3,concentration,0.0016957163331249303
recurrent,4,gain,0.002954027001605075
recurrent,4,broadcast,0.0061586767821340815
recurrent,4,persistence,-0.12050652280724417
recurrent,4,concentration,0.0013751944216335854
recurrent,5,gain,0.004662284603239031
recurrent,5,broadcast,-0.023514146975141648
recurrent,5,persistence,-0.3169015518331091
recurrent,5,concentration,-0.0033804715482141923
recurrent,6,gain,0.004906092527317107
recurrent,6,broadcast,-0.0036676008974242495
recurrent,6,persistence,0.05676219466567223
recurrent,6,concentration,0.0013608609625984092
recurrent,9,gain,0.00856612986269556
recurrent,9,broadcast,-0.004242359264874124
recurrent,9,persistence,-0.052572926732546765
recurrent,9,concentration,0.008634320003149898
recurrent,10,gain,-0.0013510062474669793
recurrent,10,broadcast,0.00424709190601566
recurrent,10,persistence,0.1726970108686225
recurrent,10,concentration,-0.003617737321487069
recurrent,13,gain,0.014402200838001589
recurrent,13,broadcast,-0.02242098297193436
recurrent,13,persistence,0.2302633826208198
recurrent,13,concentration,0.011384378651489668
recurrent,14,gain,0.01009526515320136
recurrent,14,broadcast,-0.013330225502091397
recurrent,14,persistence,-0.1544666370471235
recurrent,14,concentration,0.009875062748814334
recurrent,15,gain,0.016615584482199464
recurrent,15,broadcast,-0.02916623096175691
recurrent,15,persistence,-0.007039452265676427
recurrent,15,concentration,0.010044794500932097
recurrent,17,gain,-0.000788494064139611
recurrent,17,broadcast,0.00772554982204951
recurrent,17,persistence,0.16362226910837996
recurrent,17,concentration,-0.0038449615547980764
recurrent,18,gain,0.0004253496014998692
recurrent,18,broadcast,0.0005037919969873017
recurrent,18,persistence,-0.011078130130671937
recurrent,18,concentration,0.00025177668009623844
recurrent,19,gain,0.01806238770680524
recurrent,19,broadcast,-0.024351773756483897
recurrent,19,persistence,-0.17426722505340875
recurrent,19,concentration,0.035581162924967824
shared_workspace,0,gain,0.00018177654906070817
shared_workspace,0,broadcast,0.0023133792976296474
shared_workspace,0,persistence,0.011299612894556832
shared_workspace,0,concentration,-0.0008726754823135119
shared_workspace,1,gain,-0.00020564061340938578
shared_workspace,1,broadcast,0.0001622033800570133
shared_workspace,1,persistence,-0.010361271172792064
shared_workspace,1,concentration,-0.00013046964996199506
shared_workspace,2,gain,0.0004593677666832052
shared_workspace,2,broadcast,0.001234598271809828
shared_workspace,2,persistence,-0.020032305710024678
shared_workspace,2,concentration,2.439020803068903e-05
shared_workspace,5,gain,0.0009805282311229346
shared_workspace,5,broadcast,0.005158482159840605
shared_workspace,5,persistence,-0.002419184888432291
shared_workspace,5,concentration,-0.0021050542075058964
shared_workspace,6,gain,2.232500118165559e-05
shared_workspace,6,broadcast,5.4707631112205224e-05
shared_workspace,6,persistence,-0.0009458750104089919
shared_workspace,6,concentration,2.8673369396048365e-06
shared_workspace,7,gain,-0.0003900967765404495
shared_workspace,7,broadcast,0.0023645663190768884
shared_workspace,7,persistence,-0.0028449512394446153
shared_workspace,7,concentration,-0.00012625741519378675
shared_workspace,8,gain,0.0003919347585157329
shared_workspace,8,broadcast,0.0014446667027999682
shared_workspace,8,persistence,-0.02248121607519482
shared_workspace,8,concentration,0.00030422897273751914
shared_workspace,9,gain,4.8386311644832425e-05
shared_workspace,9,broadcast,0.00010109198514307582
shared_workspace,9,persistence,-0.028289742719489253
shared_workspace,9,concentration,2.382173013826261e-05
shared_workspace,10,gain,-4.8209829839385154e-05
shared_workspace,10,broadcast,0.0001319188931219739
shared_workspace,10,persistence,-0.0001860035319618536
shared_workspace,10,concentration,-7.800732445151226e-05
shared_workspace,11,gain,-0.00498979673458938
shared_workspace,11,broadcast,0.017376821509117846
shared_workspace,11,persistence,0.182231357377712
shared_workspace,11,concentration,-0.005408302246487862
shared_workspace,13,gain,0.00024954821326383936
shared_workspace,13,broadcast,0.0004938029262373522
shared_workspace,13,persistence,-0.011762329619260159
shared_workspace,13,concentration,0.000156852580624256
shared_workspace,14,gain,-0.014306225295315056
shared_workspace,14,broadcast,0.013428432462367468
shared_workspace,14,persistence,0.09254318420649044
shared_workspace,14,concentration,-0.0026128999750290594
shared_workspace,15,gain,4.9534206872536846e-05
shared_workspace,15,broadcast,0.0016120116293406456
shared_workspace,15,persistence,-0.0008066076743853401
shared_workspace,15,concentration,-0.0004484406689075904
shared_workspace,16,gain,-8.59458657186396e-05
shared_workspace,16,broadcast,0.0004970814476968344
shared_workspace,16,persistence,-0.00450461190804341
shared_workspace,16,concentration,-0.0003241054695840573
shared_workspace,18,gain,0.00025889043409976775
shared_workspace,18,broadcast,0.0012289278131182302
shared_workspace,18,persistence,-0.010422499273737174
shared_workspace,18,concentration,0.0001416356512634609
shared_workspace,19,gain,6.36705508902935e-05
shared_workspace,19,broadcast,8.278103071335252e-05
shared_workspace,19,persistence,-0.000857686617090847
shared_workspace,19,concentration,-1.5138076819853907e-05
unlimited_shared_state,0,gain,0.0012125982563238602
unlimited_shared_state,0,broadcast,0.0035025555878247516
unlimited_shared_state,0,persistence,-0.03363294126650618
unlimited_shared_state,0,concentration,-0.0004275906085784431
unlimited_shared_state,1,gain,0.0001499975112728702
unlimited_shared_state,1,broadcast,0.006485900691143298
unlimited_shared_state,1,persistence,0.02030329515320073
unlimited_shared_state,1,concentration,-0.0024441845862755995
unlimited_shared_state,2,gain,0.0013017942001145588
unlimited_shared_state,2,broadcast,0.002569886342654315
unlimited_shared_state,2,persistence,-0.012261873735724738
unlimited_shared_state,2,concentration,0.00022606938334890359
unlimited_shared_state,3,gain,0.00031590002303172326
unlimited_shared_state,3,broadcast,0.011416665702574047
unlimited_shared_state,3,persistence,0.01549734280518722
unlimited_shared_state,3,concentration,-0.0014791768796962312
unlimited_shared_state,4,gain,0.0025421828132148327
unlimited_shared_state,4,broadcast,0.0022566922885759455
unlimited_shared_state,4,persistence,-0.06562370987456156
unlimited_shared_state,4,concentration,0.0006618206714020802
unlimited_shared_state,5,gain,0.0018531735613002143
unlimited_shared_state,5,broadcast,0.005336108013538787
unlimited_shared_state,5,persistence,-0.020840649836625147
unlimited_shared_state,5,concentration,-0.00010589428687968194
unlimited_shared_state,6,gain,0.0022539976954334406
unlimited_shared_state,6,broadcast,-0.0028950353299339593
unlimited_shared_state,6,persistence,-0.06701050529444985
unlimited_shared_state,6,concentration,0.0028200988095524737
unlimited_shared_state,7,gain,0.002742393057120096
unlimited_shared_state,7,broadcast,0.0002551814146457554
unlimited_shared_state,7,persistence,-0.1009739367733844
unlimited_shared_state,7,concentration,0.0017024701056629343
unlimited_shared_state,8,gain,-0.016628251272413963
unlimited_shared_state,8,broadcast,0.052108368446022235
unlimited_shared_state,8,persistence,0.12379240065051658
unlimited_shared_state,8,concentration,-0.02187073808337281
unlimited_shared_state,9,gain,0.002554710956194528
unlimited_shared_state,9,broadcast,0.011847474862352492
unlimited_shared_state,9,persistence,-0.025321581137524696
unlimited_shared_state,9,concentration,-0.0002589859260027083
unlimited_shared_state,10,gain,-0.021456902175798986
unlimited_shared_state,10,broadcast,0.06696028002318888
unlimited_shared_state,10,persistence,0.03263145254680033
unlimited_shared_state,10,concentration,-0.03596451807479417
unlimited_shared_state,11,gain,-0.0038649765270532543
unlimited_shared_state,11,broadcast,0.012297064640029054
unlimited_shared_state,11,persistence,0.09230537823685703
unlimited_shared_state,11,concentration,-0.003401635690886473
unlimited_shared_state,12,gain,-0.008868006856535549
unlimited_shared_state,12,broadcast,0.027064418335702167
unlimited_shared_state,12,persistence,0.07174609311123836
unlimited_shared_state,12,concentration,-0.009843847769002378
unlimited_shared_state,13,gain,0.0014140967801189452
unlimited_shared_state,13,broadcast,0.0013715910292534383
unlimited_shared_state,13,persistence,-0.02706522163181435
unlimited_shared_state,13,concentration,0.0002831693246967415
unlimited_shared_state,14,gain,-0.00048701805467732395
unlimited_shared_state,14,broadcast,0.011113246317483338
unlimited_shared_state,14,persistence,-0.009332623938817619
unlimited_shared_state,14,concentration,-0.004456267212959553
unlimited_shared_state,15,gain,0.002131848597200836
unlimited_shared_state,15,broadcast,0.007386036157431719
unlimited_shared_state,15,persistence,-0.015506317224173394
unlimited_shared_state,15,concentration,-0.0011955844635047619
unlimited_shared_state,16,gain,-0.012930809760574369
unlimited_shared_state,16,broadcast,0.04987036509626652
unlimited_shared_state,16,persistence,0.05706264487186452
unlimited_shared_state,16,concentration,-0.021166557988875345
unlimited_shared_state,17,gain,-0.0054768612272515504
unlimited_shared_state,17,broadcast,0.02129144394840432
unlimited_shared_state,17,persistence,0.029273073194512778
unlimited_shared_state,17,concentration,-0.008867555364193036
unlimited_shared_state,18,gain,0.003027125493356375
unlimited_shared_state,18,broadcast,0.000548227064593676
unlimited_shared_state,18,persistence,-0.06547248967389696
unlimited_shared_state,18,concentration,-0.0014884634440943678
unlimited_shared_state,19,gain,0.0015340829742985784
unlimited_shared_state,19,broadcast,0.0025422113598143614
unlimited_shared_state,19,persistence,-0.03271898977527887
unlimited_shared_state,19,concentration,0.0004257765708313155
